{
  "firstName": "Tester3",
  "lastName": "test3",
  "email": "test3@gmail.com",
  "phoneNo": "45454678789",
  "address1": "Home2",
  "address2": "Home3",
  "account": [
    {
      "accountNo":"4",
      "bal": 10.00     
    },
    {
      "accountNo":"5",
      "bal": 100.00
       
    },
	{
      "accountNo":"6",
      "bal": 10000.00
       
    }
  ],
  "_links": {
    "self": {
      "href": "http://localhost:9202/user/2"
    },
    "user": {
      "href": "http://localhost:9202/user/2"
    }
  }
}